FirstName,LastName,Email,Zipcode,PhoneNumber,DriversLicense,Address
Ryder,Adams,Adams0tRyder56@hotmail.com,56267,8052008864,680711179,6789-Cherry Ln-Newport
Remy,Adams,R.Adams@hotmail.com,37171,7182351321,451430959,2546-Main Ln-Franklin
Remy,Adams,R.Adams@hotmail.com,37171,7182351321,451430959,2546-Main Ln-Franklin
Remy,Adams,R.Adams@hotmail.com,37171,7182351321,451430959,2546-Main Ln-Franklin
Remy,Adams,R.Adams@hotmail.com,37171,7182351321,451430959,2546-Main Ln-Franklin
Remy,Adams,R.Adams@hotmail.com,37171,7182351321,451430959,2546-Main Ln-Franklin
Remy,Adams,R.Adams@hotmail.com,37171,7182351321,451430959,2546-Main Ln-Franklin
Remy,Adams,R.Adams@hotmail.com,37171,7182351321,451430959,2546-Main Ln-Franklin
Remy,Adams,R.Adams@hotmail.com,37171,7182351321,451430959,2546-Main Ln-Franklin
Remy,Adams,R.Adams@hotmail.com,37171,7182351321,451430959,2546-Main Ln-Franklin
Remy,Adams,R.Adams@hotmail.com,37171,7182351321,451430959,2546-Main Ln-Franklin
Remy,Adams,R.Adams@hotmail.com,37171,7182351321,451430959,2546-Main Ln-Franklin
Remy,Adams,R.Adams@hotmail.com,37171,7182351321,451430959,2546-Main Ln-Franklin
